BadActorConfidence,MaliciousConfidence,AnomalousConfidence,TrendConfidence,ResponseConfidence,Event Confidence
HIGH,HIGH,HIGH,HIGH,HIGH,HIGH
HIGH,HIGH,HIGH,HIGH,MEDIUM,HIGH
HIGH,HIGH,HIGH,HIGH,LOW,HIGH
HIGH,HIGH,HIGH,HIGH,NA,HIGH
HIGH,HIGH,HIGH,MEDIUM,HIGH,HIGH
HIGH,HIGH,HIGH,MEDIUM,MEDIUM,HIGH
HIGH,HIGH,HIGH,MEDIUM,LOW,HIGH
HIGH,HIGH,HIGH,MEDIUM,NA,HIGH
HIGH,HIGH,HIGH,LOW,HIGH,HIGH
HIGH,HIGH,HIGH,LOW,MEDIUM,HIGH
HIGH,HIGH,HIGH,LOW,LOW,HIGH
HIGH,HIGH,HIGH,LOW,NA,HIGH
MEDIUM,HIGH,HIGH,HIGH,HIGH,HIGH
MEDIUM,HIGH,HIGH,HIGH,MEDIUM,HIGH
MEDIUM,HIGH,HIGH,HIGH,LOW,HIGH
MEDIUM,HIGH,HIGH,HIGH,NA,HIGH
MEDIUM,HIGH,HIGH,MEDIUM,HIGH,HIGH
MEDIUM,HIGH,HIGH,MEDIUM,MEDIUM,HIGH
MEDIUM,HIGH,HIGH,MEDIUM,LOW,HIGH
MEDIUM,HIGH,HIGH,MEDIUM,NA,HIGH
MEDIUM,HIGH,HIGH,LOW,HIGH,HIGH
MEDIUM,HIGH,HIGH,LOW,MEDIUM,HIGH
MEDIUM,HIGH,HIGH,LOW,LOW,HIGH
MEDIUM,HIGH,HIGH,LOW,NA,HIGH
LOW,HIGH,HIGH,HIGH,HIGH,HIGH
LOW,HIGH,HIGH,HIGH,MEDIUM,HIGH
LOW,HIGH,HIGH,HIGH,LOW,HIGH
LOW,HIGH,HIGH,HIGH,NA,HIGH
LOW,HIGH,HIGH,MEDIUM,HIGH,HIGH
LOW,HIGH,HIGH,MEDIUM,MEDIUM,HIGH
LOW,HIGH,HIGH,MEDIUM,LOW,HIGH
LOW,HIGH,HIGH,MEDIUM,NA,HIGH
LOW,HIGH,HIGH,LOW,HIGH,HIGH
LOW,HIGH,HIGH,LOW,MEDIUM,HIGH
LOW,HIGH,HIGH,LOW,LOW,HIGH
LOW,HIGH,HIGH,LOW,NA,HIGH
HIGH,HIGH,MEDIUM,HIGH,HIGH,HIGH
HIGH,HIGH,MEDIUM,HIGH,MEDIUM,HIGH
HIGH,HIGH,MEDIUM,HIGH,LOW,HIGH
HIGH,HIGH,MEDIUM,HIGH,NA,HIGH
HIGH,HIGH,MEDIUM,MEDIUM,HIGH,HIGH
HIGH,HIGH,MEDIUM,MEDIUM,MEDIUM,HIGH
HIGH,HIGH,MEDIUM,MEDIUM,LOW,HIGH
HIGH,HIGH,MEDIUM,MEDIUM,NA,HIGH
HIGH,HIGH,MEDIUM,LOW,HIGH,HIGH
HIGH,HIGH,MEDIUM,LOW,MEDIUM,HIGH
HIGH,HIGH,MEDIUM,LOW,LOW,HIGH
HIGH,HIGH,MEDIUM,LOW,NA,HIGH
MEDIUM,HIGH,MEDIUM,HIGH,HIGH,HIGH
MEDIUM,HIGH,MEDIUM,HIGH,MEDIUM,MEDIUM
MEDIUM,HIGH,MEDIUM,HIGH,LOW,MEDIUM
MEDIUM,HIGH,MEDIUM,HIGH,NA,HIGH
MEDIUM,HIGH,MEDIUM,MEDIUM,HIGH,HIGH
MEDIUM,HIGH,MEDIUM,MEDIUM,MEDIUM,HIGH
MEDIUM,HIGH,MEDIUM,MEDIUM,LOW,MEDIUM
MEDIUM,HIGH,MEDIUM,MEDIUM,NA,HIGH
MEDIUM,HIGH,MEDIUM,LOW,HIGH,HIGH
MEDIUM,HIGH,MEDIUM,LOW,MEDIUM,MEDIUM
MEDIUM,HIGH,MEDIUM,LOW,LOW,MEDIUM
MEDIUM,HIGH,MEDIUM,LOW,NA,MEDIUM
LOW,HIGH,MEDIUM,HIGH,HIGH,HIGH
LOW,HIGH,MEDIUM,HIGH,MEDIUM,MEDIUM
LOW,HIGH,MEDIUM,HIGH,LOW,MEDIUM
LOW,HIGH,MEDIUM,HIGH,NA,HIGH
LOW,HIGH,MEDIUM,MEDIUM,HIGH,HIGH
LOW,HIGH,MEDIUM,MEDIUM,MEDIUM,HIGH
LOW,HIGH,MEDIUM,MEDIUM,LOW,MEDIUM
LOW,HIGH,MEDIUM,MEDIUM,NA,HIGH
LOW,HIGH,MEDIUM,LOW,HIGH,HIGH
LOW,HIGH,MEDIUM,LOW,MEDIUM,HIGH
LOW,HIGH,MEDIUM,LOW,LOW,MEDIUM
LOW,HIGH,MEDIUM,LOW,NA,MEDIUM
HIGH,HIGH,LOW,HIGH,HIGH,HIGH
HIGH,HIGH,LOW,HIGH,MEDIUM,LOW
HIGH,HIGH,LOW,HIGH,LOW,LOW
HIGH,HIGH,LOW,HIGH,NA,LOW
HIGH,HIGH,LOW,MEDIUM,HIGH,HIGH
HIGH,HIGH,LOW,MEDIUM,MEDIUM,HIGH
HIGH,HIGH,LOW,MEDIUM,LOW,HIGH
HIGH,HIGH,LOW,MEDIUM,NA,MEDIUM
HIGH,HIGH,LOW,LOW,HIGH,HIGH
HIGH,HIGH,LOW,LOW,MEDIUM,HIGH
HIGH,HIGH,LOW,LOW,LOW,MEDIUM
HIGH,HIGH,LOW,LOW,NA,MEDIUM
MEDIUM,HIGH,LOW,HIGH,HIGH,MEDIUM
MEDIUM,HIGH,LOW,HIGH,MEDIUM,LOW
MEDIUM,HIGH,LOW,HIGH,LOW,LOW
MEDIUM,HIGH,LOW,HIGH,NA,LOW
MEDIUM,HIGH,LOW,MEDIUM,HIGH,HIGH
MEDIUM,HIGH,LOW,MEDIUM,MEDIUM,MEDIUM
MEDIUM,HIGH,LOW,MEDIUM,LOW,MEDIUM
MEDIUM,HIGH,LOW,MEDIUM,NA,
MEDIUM,HIGH,LOW,LOW,HIGH,HIGH
MEDIUM,HIGH,LOW,LOW,MEDIUM,HIGH
MEDIUM,HIGH,LOW,LOW,LOW,HIGH
MEDIUM,HIGH,LOW,LOW,NA,HIGH
LOW,HIGH,LOW,HIGH,HIGH,MEDIUM
LOW,HIGH,LOW,HIGH,MEDIUM,LOW
LOW,HIGH,LOW,HIGH,LOW,LOW
LOW,HIGH,LOW,HIGH,NA,LOW
LOW,HIGH,LOW,MEDIUM,HIGH,MEDIUM
LOW,HIGH,LOW,MEDIUM,MEDIUM,MEDIUM
LOW,HIGH,LOW,MEDIUM,LOW,MEDIUM
LOW,HIGH,LOW,MEDIUM,NA,MEDIUM
LOW,HIGH,LOW,LOW,HIGH,HIGH
LOW,HIGH,LOW,LOW,MEDIUM,HIGH
LOW,HIGH,LOW,LOW,LOW,MEDIUM
LOW,HIGH,LOW,LOW,NA,MEDIUM
HIGH,MEDIUM,HIGH,HIGH,HIGH,HIGH
HIGH,MEDIUM,HIGH,HIGH,MEDIUM,HIGH
HIGH,MEDIUM,HIGH,HIGH,LOW,MEDIUM
HIGH,MEDIUM,HIGH,HIGH,NA,MEDIUM
HIGH,MEDIUM,HIGH,MEDIUM,HIGH,HIGH
HIGH,MEDIUM,HIGH,MEDIUM,MEDIUM,HIGH
HIGH,MEDIUM,HIGH,MEDIUM,LOW,HIGH
HIGH,MEDIUM,HIGH,MEDIUM,NA,HIGH
HIGH,MEDIUM,HIGH,LOW,HIGH,HIGH
HIGH,MEDIUM,HIGH,LOW,MEDIUM,HIGH
HIGH,MEDIUM,HIGH,LOW,LOW,HIGH
HIGH,MEDIUM,HIGH,LOW,NA,HIGH
MEDIUM,MEDIUM,HIGH,HIGH,HIGH,HIGH
MEDIUM,MEDIUM,HIGH,HIGH,MEDIUM,MEDIUM
MEDIUM,MEDIUM,HIGH,HIGH,LOW,MEDIUM
MEDIUM,MEDIUM,HIGH,HIGH,NA,MEDIUM
MEDIUM,MEDIUM,HIGH,MEDIUM,HIGH,HIGH
MEDIUM,MEDIUM,HIGH,MEDIUM,MEDIUM,HIGH
MEDIUM,MEDIUM,HIGH,MEDIUM,LOW,MEDIUM
MEDIUM,MEDIUM,HIGH,MEDIUM,NA,MEDIUM
MEDIUM,MEDIUM,HIGH,LOW,HIGH,HIGH
MEDIUM,MEDIUM,HIGH,LOW,MEDIUM,HIGH
MEDIUM,MEDIUM,HIGH,LOW,LOW,HIGH
MEDIUM,MEDIUM,HIGH,LOW,NA,HIGH
LOW,MEDIUM,HIGH,HIGH,HIGH,HIGH
LOW,MEDIUM,HIGH,HIGH,MEDIUM,HIGH
LOW,MEDIUM,HIGH,HIGH,LOW,MEDIUM
LOW,MEDIUM,HIGH,HIGH,NA,MEDIUM
LOW,MEDIUM,HIGH,MEDIUM,HIGH,HIGH
LOW,MEDIUM,HIGH,MEDIUM,MEDIUM,HIGH
LOW,MEDIUM,HIGH,MEDIUM,LOW,MEDIUM
LOW,MEDIUM,HIGH,MEDIUM,NA,MEDIUM
LOW,MEDIUM,HIGH,LOW,HIGH,HIGH
LOW,MEDIUM,HIGH,LOW,MEDIUM,HIGH
LOW,MEDIUM,HIGH,LOW,LOW,HIGH
LOW,MEDIUM,HIGH,LOW,NA,HIGH
HIGH,MEDIUM,MEDIUM,HIGH,HIGH,HIGH
HIGH,MEDIUM,MEDIUM,HIGH,MEDIUM,MEDIUM
HIGH,MEDIUM,MEDIUM,HIGH,LOW,MEDIUM
HIGH,MEDIUM,MEDIUM,HIGH,NA,MEDIUM
HIGH,MEDIUM,MEDIUM,MEDIUM,HIGH,HIGH
HIGH,MEDIUM,MEDIUM,MEDIUM,MEDIUM,HIGH
HIGH,MEDIUM,MEDIUM,MEDIUM,LOW,MEDIUM
HIGH,MEDIUM,MEDIUM,MEDIUM,NA,MEDIUM
HIGH,MEDIUM,MEDIUM,LOW,HIGH,HIGH
HIGH,MEDIUM,MEDIUM,LOW,MEDIUM,HIGH
HIGH,MEDIUM,MEDIUM,LOW,LOW,HIGH
HIGH,MEDIUM,MEDIUM,LOW,NA,HIGH
MEDIUM,MEDIUM,MEDIUM,HIGH,HIGH,HIGH
MEDIUM,MEDIUM,MEDIUM,HIGH,MEDIUM,HIGH
MEDIUM,MEDIUM,MEDIUM,HIGH,LOW,MEDIUM
MEDIUM,MEDIUM,MEDIUM,HIGH,NA,MEDIUM
MEDIUM,MEDIUM,MEDIUM,MEDIUM,HIGH,HIGH
MEDIUM,MEDIUM,MEDIUM,MEDIUM,MEDIUM,MEDIUM
MEDIUM,MEDIUM,MEDIUM,MEDIUM,LOW,MEDIUM
MEDIUM,MEDIUM,MEDIUM,MEDIUM,NA,MEDIUM
MEDIUM,MEDIUM,MEDIUM,LOW,HIGH,HIGH
MEDIUM,MEDIUM,MEDIUM,LOW,MEDIUM,HIGH
MEDIUM,MEDIUM,MEDIUM,LOW,LOW,HIGH
MEDIUM,MEDIUM,MEDIUM,LOW,NA,HIGH
LOW,MEDIUM,MEDIUM,HIGH,HIGH,HIGH
LOW,MEDIUM,MEDIUM,HIGH,MEDIUM,MEDIUM
LOW,MEDIUM,MEDIUM,HIGH,LOW,MEDIUM
LOW,MEDIUM,MEDIUM,HIGH,NA,MEDIUM
LOW,MEDIUM,MEDIUM,MEDIUM,HIGH,HIGH
LOW,MEDIUM,MEDIUM,MEDIUM,MEDIUM,MEDIUM
LOW,MEDIUM,MEDIUM,MEDIUM,LOW,MEDIUM
LOW,MEDIUM,MEDIUM,MEDIUM,NA,MEDIUM
LOW,MEDIUM,MEDIUM,LOW,HIGH,HIGH
LOW,MEDIUM,MEDIUM,LOW,MEDIUM,MEDIUM
LOW,MEDIUM,MEDIUM,LOW,LOW,HIGH
LOW,MEDIUM,MEDIUM,LOW,NA,HIGH
HIGH,MEDIUM,LOW,HIGH,HIGH,MEDIUM
HIGH,MEDIUM,LOW,HIGH,MEDIUM,LOW
HIGH,MEDIUM,LOW,HIGH,LOW,MEDIUM
HIGH,MEDIUM,LOW,HIGH,NA,LOW
HIGH,MEDIUM,LOW,MEDIUM,HIGH,MEDIUM
HIGH,MEDIUM,LOW,MEDIUM,MEDIUM,
HIGH,MEDIUM,LOW,MEDIUM,LOW,MEDIUM
HIGH,MEDIUM,LOW,MEDIUM,NA,
HIGH,MEDIUM,LOW,LOW,HIGH,HIGH
HIGH,MEDIUM,LOW,LOW,MEDIUM,HIGH
HIGH,MEDIUM,LOW,LOW,LOW,MEDIUM
HIGH,MEDIUM,LOW,LOW,NA,MEDIUM
MEDIUM,MEDIUM,LOW,HIGH,HIGH,MEDIUM
MEDIUM,MEDIUM,LOW,HIGH,MEDIUM,LOW
MEDIUM,MEDIUM,LOW,HIGH,LOW,LOW
MEDIUM,MEDIUM,LOW,HIGH,NA,LOW
MEDIUM,MEDIUM,LOW,MEDIUM,HIGH,
MEDIUM,MEDIUM,LOW,MEDIUM,MEDIUM,MEDIUM
MEDIUM,MEDIUM,LOW,MEDIUM,LOW,MEDIUM
MEDIUM,MEDIUM,LOW,MEDIUM,NA,MEDIUM
MEDIUM,MEDIUM,LOW,LOW,HIGH,HIGH
MEDIUM,MEDIUM,LOW,LOW,MEDIUM,HIGH
MEDIUM,MEDIUM,LOW,LOW,LOW,MEDIUM
MEDIUM,MEDIUM,LOW,LOW,NA,MEDIUM
LOW,MEDIUM,LOW,HIGH,HIGH,MEDIUM
LOW,MEDIUM,LOW,HIGH,MEDIUM,LOW
LOW,MEDIUM,LOW,HIGH,LOW,LOW
LOW,MEDIUM,LOW,HIGH,NA,LOW
LOW,MEDIUM,LOW,MEDIUM,HIGH,
LOW,MEDIUM,LOW,MEDIUM,MEDIUM,
LOW,MEDIUM,LOW,MEDIUM,LOW,MEDIUM
LOW,MEDIUM,LOW,MEDIUM,NA,
LOW,MEDIUM,LOW,LOW,HIGH,MEDIUM
LOW,MEDIUM,LOW,LOW,MEDIUM,MEDIUM
LOW,MEDIUM,LOW,LOW,LOW,LOW
LOW,MEDIUM,LOW,LOW,NA,LOW
HIGH,LOW,HIGH,HIGH,HIGH,HIGH
HIGH,LOW,HIGH,HIGH,MEDIUM,HIGH
HIGH,LOW,HIGH,HIGH,LOW,MEDIUM
HIGH,LOW,HIGH,HIGH,NA,MEDIUM
HIGH,LOW,HIGH,MEDIUM,HIGH,HIGH
HIGH,LOW,HIGH,MEDIUM,MEDIUM,HIGH
HIGH,LOW,HIGH,MEDIUM,LOW,HIGH
HIGH,LOW,HIGH,MEDIUM,NA,HIGH
HIGH,LOW,HIGH,LOW,HIGH,HIGH
HIGH,LOW,HIGH,LOW,MEDIUM,HIGH
HIGH,LOW,HIGH,LOW,LOW,HIGH
HIGH,LOW,HIGH,LOW,NA,HIGH
MEDIUM,LOW,HIGH,HIGH,HIGH,HIGH
MEDIUM,LOW,HIGH,HIGH,MEDIUM,MEDIUM
MEDIUM,LOW,HIGH,HIGH,LOW,MEDIUM
MEDIUM,LOW,HIGH,HIGH,NA,MEDIUM
MEDIUM,LOW,HIGH,MEDIUM,HIGH,HIGH
MEDIUM,LOW,HIGH,MEDIUM,MEDIUM,HIGH
MEDIUM,LOW,HIGH,MEDIUM,LOW,HIGH
MEDIUM,LOW,HIGH,MEDIUM,NA,MEDIUM
MEDIUM,LOW,HIGH,LOW,HIGH,HIGH
MEDIUM,LOW,HIGH,LOW,MEDIUM,HIGH
MEDIUM,LOW,HIGH,LOW,LOW,HIGH
MEDIUM,LOW,HIGH,LOW,NA,HIGH
LOW,LOW,HIGH,HIGH,HIGH,MEDIUM
LOW,LOW,HIGH,HIGH,MEDIUM,MEDIUM
LOW,LOW,HIGH,HIGH,LOW,LOW
LOW,LOW,HIGH,HIGH,NA,LOW
LOW,LOW,HIGH,MEDIUM,HIGH,HIGH
LOW,LOW,HIGH,MEDIUM,MEDIUM,HIGH
LOW,LOW,HIGH,MEDIUM,LOW,MEDIUM
LOW,LOW,HIGH,MEDIUM,NA,MEDIUM
LOW,LOW,HIGH,LOW,HIGH,HIGH
LOW,LOW,HIGH,LOW,MEDIUM,HIGH
LOW,LOW,HIGH,LOW,LOW,HIGH
LOW,LOW,HIGH,LOW,NA,HIGH
HIGH,LOW,MEDIUM,HIGH,HIGH,LOW
HIGH,LOW,MEDIUM,HIGH,MEDIUM,LOW
HIGH,LOW,MEDIUM,HIGH,LOW,LOW
HIGH,LOW,MEDIUM,HIGH,NA,LOW
HIGH,LOW,MEDIUM,MEDIUM,HIGH,HIGH
HIGH,LOW,MEDIUM,MEDIUM,MEDIUM,MEDIUM
HIGH,LOW,MEDIUM,MEDIUM,LOW,MEDIUM
HIGH,LOW,MEDIUM,MEDIUM,NA,MEDIUM
HIGH,LOW,MEDIUM,LOW,HIGH,HIGH
HIGH,LOW,MEDIUM,LOW,MEDIUM,HIGH
HIGH,LOW,MEDIUM,LOW,LOW,MEDIUM
HIGH,LOW,MEDIUM,LOW,NA,MEDIUM
MEDIUM,LOW,MEDIUM,HIGH,HIGH,LOW
MEDIUM,LOW,MEDIUM,HIGH,MEDIUM,LOW
MEDIUM,LOW,MEDIUM,HIGH,LOW,LOW
MEDIUM,LOW,MEDIUM,HIGH,NA,LOW
MEDIUM,LOW,MEDIUM,MEDIUM,HIGH,HIGH
MEDIUM,LOW,MEDIUM,MEDIUM,MEDIUM,HIGH
MEDIUM,LOW,MEDIUM,MEDIUM,LOW,MEDIUM
MEDIUM,LOW,MEDIUM,MEDIUM,NA,LOW
MEDIUM,LOW,MEDIUM,LOW,HIGH,HIGH
MEDIUM,LOW,MEDIUM,LOW,MEDIUM,MEDIUM
MEDIUM,LOW,MEDIUM,LOW,LOW,LOW
MEDIUM,LOW,MEDIUM,LOW,NA,LOW
LOW,LOW,MEDIUM,HIGH,HIGH,LOW
LOW,LOW,MEDIUM,HIGH,MEDIUM,MEDIUM
LOW,LOW,MEDIUM,HIGH,LOW,LOW
LOW,LOW,MEDIUM,HIGH,NA,LOW
LOW,LOW,MEDIUM,MEDIUM,HIGH,HIGH
LOW,LOW,MEDIUM,MEDIUM,MEDIUM,MEDIUM
LOW,LOW,MEDIUM,MEDIUM,LOW,LOW
LOW,LOW,MEDIUM,MEDIUM,NA,LOW
LOW,LOW,MEDIUM,LOW,HIGH,MEDIUM
LOW,LOW,MEDIUM,LOW,MEDIUM,MEDIUM
LOW,LOW,MEDIUM,LOW,LOW,LOW
LOW,LOW,MEDIUM,LOW,NA,LOW
HIGH,LOW,LOW,HIGH,HIGH,LOW
HIGH,LOW,LOW,HIGH,MEDIUM,LOW
HIGH,LOW,LOW,HIGH,LOW,LOW
HIGH,LOW,LOW,HIGH,NA,LOW
HIGH,LOW,LOW,MEDIUM,HIGH,MEDIUM
HIGH,LOW,LOW,MEDIUM,MEDIUM,LOW
HIGH,LOW,LOW,MEDIUM,LOW,LOW
HIGH,LOW,LOW,MEDIUM,NA,LOW
HIGH,LOW,LOW,LOW,HIGH,LOW
HIGH,LOW,LOW,LOW,MEDIUM,LOW
HIGH,LOW,LOW,LOW,LOW,LOW
HIGH,LOW,LOW,LOW,NA,LOW
MEDIUM,LOW,LOW,HIGH,HIGH,LOW
MEDIUM,LOW,LOW,HIGH,MEDIUM,LOW
MEDIUM,LOW,LOW,HIGH,LOW,LOW
MEDIUM,LOW,LOW,HIGH,NA,LOW
MEDIUM,LOW,LOW,MEDIUM,HIGH,LOW
MEDIUM,LOW,LOW,MEDIUM,MEDIUM,LOW
MEDIUM,LOW,LOW,MEDIUM,LOW,LOW
MEDIUM,LOW,LOW,MEDIUM,NA,LOW
MEDIUM,LOW,LOW,LOW,HIGH,MEDIUM
MEDIUM,LOW,LOW,LOW,MEDIUM,MEDIUM
MEDIUM,LOW,LOW,LOW,LOW,LOW
MEDIUM,LOW,LOW,LOW,NA,LOW
LOW,LOW,LOW,HIGH,HIGH,LOW
LOW,LOW,LOW,HIGH,MEDIUM,LOW
LOW,LOW,LOW,HIGH,LOW,LOW
LOW,LOW,LOW,HIGH,NA,LOW
LOW,LOW,LOW,MEDIUM,HIGH,LOW
LOW,LOW,LOW,MEDIUM,MEDIUM,LOW
LOW,LOW,LOW,MEDIUM,LOW,LOW
LOW,LOW,LOW,MEDIUM,NA,LOW
LOW,LOW,LOW,LOW,HIGH,LOW
LOW,LOW,LOW,LOW,MEDIUM,LOW
LOW,LOW,LOW,LOW,LOW,LOW
LOW,LOW,LOW,LOW,NA,LOW
HIGH,NA,HIGH,HIGH,HIGH,HIGH
HIGH,NA,HIGH,HIGH,MEDIUM,MEDIUM
HIGH,NA,HIGH,HIGH,LOW,LOW
HIGH,NA,HIGH,HIGH,NA,LOW
HIGH,NA,HIGH,MEDIUM,HIGH,HIGH
HIGH,NA,HIGH,MEDIUM,MEDIUM,HIGH
HIGH,NA,HIGH,MEDIUM,LOW,MEDIUM
HIGH,NA,HIGH,MEDIUM,NA,MEDIUM
HIGH,NA,HIGH,LOW,HIGH,HIGH
HIGH,NA,HIGH,LOW,MEDIUM,HIGH
HIGH,NA,HIGH,LOW,LOW,HIGH
HIGH,NA,HIGH,LOW,NA,HIGH
MEDIUM,NA,HIGH,HIGH,HIGH,HIGH
MEDIUM,NA,HIGH,HIGH,MEDIUM,LOW
MEDIUM,NA,HIGH,HIGH,LOW,LOW
MEDIUM,NA,HIGH,HIGH,NA,LOW
MEDIUM,NA,HIGH,MEDIUM,HIGH,HIGH
MEDIUM,NA,HIGH,MEDIUM,MEDIUM,MEDIUM
MEDIUM,NA,HIGH,MEDIUM,LOW,LOW
MEDIUM,NA,HIGH,MEDIUM,NA,LOW
MEDIUM,NA,HIGH,LOW,HIGH,HIGH
MEDIUM,NA,HIGH,LOW,MEDIUM,HIGH
MEDIUM,NA,HIGH,LOW,LOW,HIGH
MEDIUM,NA,HIGH,LOW,NA,HIGH
LOW,NA,HIGH,HIGH,HIGH,LOW
LOW,NA,HIGH,HIGH,MEDIUM,LOW
LOW,NA,HIGH,HIGH,LOW,LOW
LOW,NA,HIGH,HIGH,NA,LOW
LOW,NA,HIGH,MEDIUM,HIGH,HIGH
LOW,NA,HIGH,MEDIUM,MEDIUM,HIGH
LOW,NA,HIGH,MEDIUM,LOW,MEDIUM
LOW,NA,HIGH,MEDIUM,NA,MEDIUM
LOW,NA,HIGH,LOW,HIGH,HIGH
LOW,NA,HIGH,LOW,MEDIUM,HIGH
LOW,NA,HIGH,LOW,LOW,HIGH
LOW,NA,HIGH,LOW,NA,HIGH
HIGH,NA,MEDIUM,HIGH,HIGH,LOW
HIGH,NA,MEDIUM,HIGH,MEDIUM,LOW
HIGH,NA,MEDIUM,HIGH,LOW,LOW
HIGH,NA,MEDIUM,HIGH,NA,LOW
HIGH,NA,MEDIUM,MEDIUM,HIGH,HIGH
HIGH,NA,MEDIUM,MEDIUM,MEDIUM,MEDIUM
HIGH,NA,MEDIUM,MEDIUM,LOW,LOW
HIGH,NA,MEDIUM,MEDIUM,NA,LOW
HIGH,NA,MEDIUM,LOW,HIGH,HIGH
HIGH,NA,MEDIUM,LOW,MEDIUM,HIGH
HIGH,NA,MEDIUM,LOW,LOW,MEDIUM
HIGH,NA,MEDIUM,LOW,NA,MEDIUM
MEDIUM,NA,MEDIUM,HIGH,HIGH,LOW
MEDIUM,NA,MEDIUM,HIGH,MEDIUM,LOW
MEDIUM,NA,MEDIUM,HIGH,LOW,LOW
MEDIUM,NA,MEDIUM,HIGH,NA,LOW
MEDIUM,NA,MEDIUM,MEDIUM,HIGH,MEDIUM
MEDIUM,NA,MEDIUM,MEDIUM,MEDIUM,MEDIUM
MEDIUM,NA,MEDIUM,MEDIUM,LOW,LOW
MEDIUM,NA,MEDIUM,MEDIUM,NA,LOW
MEDIUM,NA,MEDIUM,LOW,HIGH,HIGH
MEDIUM,NA,MEDIUM,LOW,MEDIUM,MEDIUM
MEDIUM,NA,MEDIUM,LOW,LOW,LOW
MEDIUM,NA,MEDIUM,LOW,NA,LOW
LOW,NA,MEDIUM,HIGH,HIGH,LOW
LOW,NA,MEDIUM,HIGH,MEDIUM,MEDIUM
LOW,NA,MEDIUM,HIGH,LOW,LOW
LOW,NA,MEDIUM,HIGH,NA,LOW
LOW,NA,MEDIUM,MEDIUM,HIGH,HIGH
LOW,NA,MEDIUM,MEDIUM,MEDIUM,MEDIUM
LOW,NA,MEDIUM,MEDIUM,LOW,LOW
LOW,NA,MEDIUM,MEDIUM,NA,LOW
LOW,NA,MEDIUM,LOW,HIGH,HIGH
LOW,NA,MEDIUM,LOW,MEDIUM,MEDIUM
LOW,NA,MEDIUM,LOW,LOW,MEDIUM
LOW,NA,MEDIUM,LOW,NA,MEDIUM
HIGH,NA,LOW,HIGH,HIGH,LOW
HIGH,NA,LOW,HIGH,MEDIUM,LOW
HIGH,NA,LOW,HIGH,LOW,LOW
HIGH,NA,LOW,HIGH,NA,LOW
HIGH,NA,LOW,MEDIUM,HIGH,HIGH
HIGH,NA,LOW,MEDIUM,MEDIUM,LOW
HIGH,NA,LOW,MEDIUM,LOW,LOW
HIGH,NA,LOW,MEDIUM,NA,LOW
HIGH,NA,LOW,LOW,HIGH,HIGH
HIGH,NA,LOW,LOW,MEDIUM,MEDIUM
HIGH,NA,LOW,LOW,LOW,MEDIUM
HIGH,NA,LOW,LOW,NA,MEDIUM
MEDIUM,NA,LOW,HIGH,HIGH,LOW
MEDIUM,NA,LOW,HIGH,MEDIUM,LOW
MEDIUM,NA,LOW,HIGH,LOW,LOW
MEDIUM,NA,LOW,HIGH,NA,LOW
MEDIUM,NA,LOW,MEDIUM,HIGH,MEDIUM
MEDIUM,NA,LOW,MEDIUM,MEDIUM,LOW
MEDIUM,NA,LOW,MEDIUM,LOW,LOW
MEDIUM,NA,LOW,MEDIUM,NA,LOW
MEDIUM,NA,LOW,LOW,HIGH,HIGH
MEDIUM,NA,LOW,LOW,MEDIUM,LOW
MEDIUM,NA,LOW,LOW,LOW,LOW
MEDIUM,NA,LOW,LOW,NA,LOW
LOW,NA,LOW,HIGH,HIGH,LOW
LOW,NA,LOW,HIGH,MEDIUM,LOW
LOW,NA,LOW,HIGH,LOW,LOW
LOW,NA,LOW,HIGH,NA,LOW
LOW,NA,LOW,MEDIUM,HIGH,LOW
LOW,NA,LOW,MEDIUM,MEDIUM,LOW
LOW,NA,LOW,MEDIUM,LOW,LOW
LOW,NA,LOW,MEDIUM,NA,LOW
LOW,NA,LOW,LOW,HIGH,MEDIUM
LOW,NA,LOW,LOW,MEDIUM,LOW
LOW,NA,LOW,LOW,LOW,LOW
LOW,NA,LOW,LOW,NA,LOW