"Current Event Confidence","PrevActivity Confidence","PrevActivity EventCount","PrevUnique ParamsCount","New Activity Confidence"
HIGH,HIGH,HIGH,HIGH,HIGH
HIGH,HIGH,HIGH,MEDIUM,HIGH
HIGH,HIGH,HIGH,LOW,HIGH
HIGH,HIGH,MEDIUM,HIGH,HIGH
HIGH,HIGH,MEDIUM,MEDIUM,HIGH
HIGH,HIGH,MEDIUM,LOW,HIGH
HIGH,HIGH,LOW,HIGH,HIGH
HIGH,HIGH,LOW,MEDIUM,HIGH
HIGH,HIGH,LOW,LOW,HIGH
HIGH,MEDIUM,HIGH,HIGH,HIGH
HIGH,MEDIUM,HIGH,MEDIUM,MEDIUM
HIGH,MEDIUM,HIGH,LOW,MEDIUM
HIGH,MEDIUM,MEDIUM,HIGH,HIGH
HIGH,MEDIUM,MEDIUM,MEDIUM,MEDIUM
HIGH,MEDIUM,MEDIUM,LOW,MEDIUM
HIGH,MEDIUM,LOW,HIGH,HIGH
HIGH,MEDIUM,LOW,MEDIUM,HIGH
HIGH,MEDIUM,LOW,LOW,HIGH
HIGH,LOW,HIGH,HIGH,MEDIUM
HIGH,LOW,HIGH,MEDIUM,MEDIUM
HIGH,LOW,HIGH,LOW,MEDIUM
HIGH,LOW,MEDIUM,HIGH,MEDIUM
HIGH,LOW,MEDIUM,MEDIUM,MEDIUM
HIGH,LOW,MEDIUM,LOW,MEDIUM
HIGH,LOW,LOW,HIGH,MEDIUM
HIGH,LOW,LOW,MEDIUM,HIGH
HIGH,LOW,LOW,LOW,HIGH
MEDIUM,HIGH,HIGH,HIGH,HIGH
MEDIUM,HIGH,HIGH,MEDIUM,HIGH
MEDIUM,HIGH,HIGH,LOW,HIGH
MEDIUM,HIGH,MEDIUM,HIGH,HIGH
MEDIUM,HIGH,MEDIUM,MEDIUM,HIGH
MEDIUM,HIGH,MEDIUM,LOW,HIGH
MEDIUM,HIGH,LOW,HIGH,HIGH
MEDIUM,HIGH,LOW,MEDIUM,HIGH
MEDIUM,HIGH,LOW,LOW,MEDIUM
MEDIUM,MEDIUM,HIGH,HIGH,MEDIUM
MEDIUM,MEDIUM,HIGH,MEDIUM,MEDIUM
MEDIUM,MEDIUM,HIGH,LOW,MEDIUM
MEDIUM,MEDIUM,MEDIUM,HIGH,MEDIUM
MEDIUM,MEDIUM,MEDIUM,MEDIUM,MEDIUM
MEDIUM,MEDIUM,MEDIUM,LOW,MEDIUM
MEDIUM,MEDIUM,LOW,HIGH,MEDIUM
MEDIUM,MEDIUM,LOW,MEDIUM,MEDIUM
MEDIUM,MEDIUM,LOW,LOW,MEDIUM
MEDIUM,LOW,HIGH,HIGH,MEDIUM
MEDIUM,LOW,HIGH,MEDIUM,MEDIUM
MEDIUM,LOW,HIGH,LOW,MEDIUM
MEDIUM,LOW,MEDIUM,HIGH,MEDIUM
MEDIUM,LOW,MEDIUM,MEDIUM,MEDIUM
MEDIUM,LOW,MEDIUM,LOW,MEDIUM
MEDIUM,LOW,LOW,HIGH,MEDIUM
MEDIUM,LOW,LOW,MEDIUM,MEDIUM
MEDIUM,LOW,LOW,LOW,MEDIUM
LOW,HIGH,HIGH,HIGH,HIGH
LOW,HIGH,HIGH,MEDIUM,HIGH
LOW,HIGH,HIGH,LOW,HIGH
LOW,HIGH,MEDIUM,HIGH,HIGH
LOW,HIGH,MEDIUM,MEDIUM,HIGH
LOW,HIGH,MEDIUM,LOW,HIGH
LOW,HIGH,LOW,HIGH,HIGH
LOW,HIGH,LOW,MEDIUM,HIGH
LOW,HIGH,LOW,LOW,HIGH
LOW,MEDIUM,HIGH,HIGH,MEDIUM
LOW,MEDIUM,HIGH,MEDIUM,MEDIUM
LOW,MEDIUM,HIGH,LOW,MEDIUM
LOW,MEDIUM,MEDIUM,HIGH,MEDIUM
LOW,MEDIUM,MEDIUM,MEDIUM,MEDIUM
LOW,MEDIUM,MEDIUM,LOW,LOW
LOW,MEDIUM,LOW,HIGH,MEDIUM
LOW,MEDIUM,LOW,MEDIUM,LOW
LOW,MEDIUM,LOW,LOW,LOW
LOW,LOW,HIGH,HIGH,LOW
LOW,LOW,HIGH,MEDIUM,LOW
LOW,LOW,HIGH,LOW,LOW
LOW,LOW,MEDIUM,HIGH,LOW
LOW,LOW,MEDIUM,MEDIUM,LOW
LOW,LOW,MEDIUM,LOW,LOW
LOW,LOW,LOW,HIGH,LOW
LOW,LOW,LOW,MEDIUM,LOW
LOW,LOW,LOW,LOW,LOW
HIGH,NA,HIGH,HIGH,HIGH
HIGH,NA,HIGH,MEDIUM,HIGH
HIGH,NA,HIGH,LOW,HIGH
HIGH,NA,MEDIUM,HIGH,HIGH
HIGH,NA,MEDIUM,MEDIUM,HIGH
HIGH,NA,MEDIUM,LOW,HIGH
HIGH,NA,LOW,HIGH,HIGH
HIGH,NA,LOW,MEDIUM,HIGH
HIGH,NA,LOW,LOW,HIGH
MEDIUM,NA,HIGH,HIGH,MEDIUM
MEDIUM,NA,HIGH,MEDIUM,MEDIUM
MEDIUM,NA,HIGH,LOW,MEDIUM
MEDIUM,NA,MEDIUM,HIGH,MEDIUM
MEDIUM,NA,MEDIUM,MEDIUM,MEDIUM
MEDIUM,NA,MEDIUM,LOW,MEDIUM
MEDIUM,NA,LOW,HIGH,MEDIUM
MEDIUM,NA,LOW,MEDIUM,MEDIUM
MEDIUM,NA,LOW,LOW,MEDIUM
LOW,NA,HIGH,HIGH,LOW
LOW,NA,HIGH,MEDIUM,LOW
LOW,NA,HIGH,LOW,LOW
LOW,NA,MEDIUM,HIGH,LOW
LOW,NA,MEDIUM,MEDIUM,LOW
LOW,NA,MEDIUM,LOW,LOW
LOW,NA,LOW,HIGH,LOW
LOW,NA,LOW,MEDIUM,LOW
LOW,NA,LOW,LOW,LOW